Rating	Timestamp	Group	Utterance
1	132680.0	18N	no like the middle four
2	137580.0	18N	no no uh on the
1	142180.0	18N	made is for
0	144080.0	18N	i think so
1	274080.0	18N	wheel should be closer to each other
0	297280.0	18N	also the
2	305180.0	18N	uh yeah this will be
3	315680.0	18N	beside the yellow block
2	324580.0	18N	thing that looks like a leaver
0	333080.0	18N	which you connect like
1	370580.0	18N	and then after that you might need to
2	396980.0	18N	no the ac where the axel
1	399380.0	18N	was so the circular like connection
0	411380.0	18N	
1	59820.00000000001	19C	yeah okay okay now
0	60520.00000000001	19C	okay okay now now i need a red
2	103120.0	19C	top in center
0	107620.0	19C	yeah
1	117020.0	19C	original position no no that's great keep in the
0	117620.0	19C	no no that's great keep in the original position
1	214119.99999999997	19C	take a yellow lego no no no uh
0	215419.99999999997	19C	no uh just take
1	260219.99999999997	19C	like something like that
2	265220.0	19C	you should
1	273720.0	19C	connector in the wheel that's
0	289220.0	19C	
1	315820.0	19C	i'm just just a
0	325520.0	19C	my bad okay okay i just keep the
2	333820.0	19C	where the connecter is connected
1	337420.0	19C	try to keep that yellow color
0	337820.0	19C	to keep that yellow color
2	343520.0	19C	be to fit in what they didn't
2	348020.0	19C	no the ah yeah i exactly try to this is
0	349720.0	19C	exactly try to this is the hard part
2	353320.0	19C	
0	355520.0	19C	super okay
1	428020.0	19C	pointing at other direction of connectors
2	432020.0	19C	unconnected part should be coming out of the green color in
3	435720.0	19C	making
0	465520.0	19C	
1	448260.00000000006	20N	
1	184620.0	21C	
0	192620.0	21C	try the one with the pointy thing
1	403620.0	21C	
0	406220.0	21C	hook up
1	25350.0	22N	yeah anything
0	30150.0	22N	then take blue one
1	98450.0	22N	large yellow
0	105150.0	22N	
1	110550.0	22N	horizontally
2	111950.0	22N	
0	120350.0	22N	correct
1	152550.0	22N	red horizontally no no after the red on small
2	154150.0	22N	small blue one no
3	159650.0	22N	
0	168950.0	22N	then take small
1	172850.0	22N	red red small
0	184050.0	22N	
1	184750.0	22N	
2	185450.0	22N	at the
0	199750.0	22N	and take small green
1	204550.0	22N	at the end of the blue
0	249150.0	22N	red
2	255050.0	22N	keep
3	257850.0	22N	it vertically not horizontally
0	267850.0	22N	take
1	285850.0	22N	front side no this one the same
2	307750.0	22N	correct
1	309550.0	22N	and take again
1	420100.0	23C	uhm
0	426400.0	23C	
1	451300.0	23C	uh shifted
1	38950.0	24N	put it side by side to the green
0	42650.0	24N	okay now
1	71350.0	24N	other orientation yeah
0	73950.0	24N	couldn't put it
1	75650.0	24N	put it at the edge
0	82650.0	24N	
1	213250.0	24N	uh not in the middle um
0	243750.0	24N	separate no
1	245850.0	24N	no it's not gonna be on top it's gonna be separate
2	249950.0	24N	but no no no no no it's separate
1	254950.0	24N	yeah get a um
2	279850.0	24N	
1	304950.0	24N	you'll alright hang on
2	332150.0	24N	okay now take the
1	347850.0	24N	no no no no no no no
2	349350.0	24N	no no take it off that put
3	355950.0	24N	no no no no the other rectangle yep go
2	358350.0	24N	that one yep put that under and put it under
1	363150.0	24N	move it over one call 'em over you know
2	363850.0	24N	call 'em over you know
1	413050.0	24N	no no no no on the other
2	413950.0	24N	no no no no on the other structure we made
1	153670.0	25C	place it down but like rotated
0	165570.0	25C	way yeah
1	328670.0	25C	yes
0	335470.0	25C	we have three wheels
1	427670.0	25C	part is placed on this
0	429770.0	25C	
1	36779.99999999999	26N	and then to
0	74880.0	26N	yellow
1	195780.0	26N	with like one block gap um no
2	210080.00000000003	26N	okay so you want
1	235480.00000000003	26N	there being a gap and then it connecting
0	252580.00000000003	26N	and then you want
1	285780.0	26N	other side
2	293780.0	26N	red with the gap in between them
3	318980.0	26N	
2	326980.0	26N	bit there you go just like that just like that
1	328580.0	26N	that all right
2	375180.0	26N	like no like next to it
1	388880.0	26N	you go all right and
2	409980.0	26N	and you want it between the four
3	431780.0	26N	there you go
1	436080.0	26N	the whole thing
2	450880.0	26N	you want it between
1	460380.0	26N	yeah
0	461180.0	26N	yeah
1	465180.0	26N	
1	29830.0	27C	
0	33130.0	27C	
1	80030.0	27C	again
2	84430.0	27C	oh again
0	91630.0	27C	
1	106830.0	27C	
0	112730.0	27C	uh
1	201930.0	27C	
0	203330.0	27C	
1	286430.0	27C	
0	287830.0	27C	the
1	375930.0	27C	yeah
0	390330.0	27C	okay
1	458030.0	27C	yes
0	460030.0	27C	
1	475730.0	27C	like how
1	261940.0	28N	tires are rolling away from you
0	269440.0	28N	
1	271640.0	28N	one put the tires on it
2	286840.0	28N	no
1	292140.0	28N	yeah
0	295740.0	28N	back of the green piece as well
1	330940.0	28N	
0	370440.0	28N	that
1	372940.0	28N	the
2	388140.0	28N	i'm positive
1	395640.0	28N	
0	411339.99999999994	28N	yeah now
1	419339.99999999994	28N	going to connect them on no no no the yellow
2	424039.99999999994	28N	the yellow then the green
3	431539.99999999994	28N	all
2	432639.99999999994	28N	all
1	437039.99999999994	28N	
0	438739.99999999994	28N	okay now
1	443839.99999999994	28N	
0	469239.99999999994	28N	
1	168600.0	29C	side not red red to my two red
0	169100.0	29C	red red to my two red two i do
1	257800.0	29C	
0	258100.0	29C	
1	77050.0	30N	uh
0	88850.0	30N	
1	33150.0	31C	yeah both you are right
3	39950.0	31C	yeah can you show
2	42250.0	31C	no no not in right away
3	44350.0	31C	remove that
3	87450.0	31C	no not that way
0	112450.0	31C	
3	182650.0	31C	do we have a hook
2	203650.0	31C	they are look lock downwords
0	204950.0	31C	downwords yeah
3	227350.0	31C	with
1	232950.0	31C	
2	238650.0	31C	wheels the green one needs two wheels
3	240550.0	31C	wheels
1	244450.0	31C	yeah
2	250450.0	31C	this side the other side yeah perfect
0	252950.0	31C	similarly do the same again
1	269450.0	31C	yeah
2	286250.0	31C	behind the green it should be yeah
0	292150.0	31C	
1	310150.0	31C	
0	331050.0	31C	huge
1	343250.0	31C	no no the front side
3	345650.0	31C	the that one that yellow
0	368450.0	31C	red to the yellow small red
2	392650.0	31C	direct yeah
0	394050.0	31C	yeah perfect now
3	415350.0	31C	remert turn it around
0	440350.0	31C	in between the yeah perfect now take a smaller
1	449550.0	31C	yeah okay
3	451550.0	31C	now take a big yellow
0	458050.0	31C	now attached to the side of the green
3	460650.0	31C	
0	462150.0	31C	
1	240200.0	32N	adapter um
2	337300.0	32N	
0	417600.0	32N	and
1	73870.0	33C	green
0	75170.0	33C	green
1	139770.0	33C	
0	148970.0	33C	there's like
1	154370.0	33C	grab the one
0	226769.99999999997	33C	and then you could
1	270470.0	33C	uh
0	352770.0	33C	into like a little car
1	370970.0	33C	might fall out right now that's okay
0	376970.0	33C	and then you're gonna
1	381270.0	33C	end
0	460370.0	33C	
1	54400.0	34N	no for by so sorry
0	64100.0	34N	like perpendicular
1	71700.0	34N	um red
0	82900.0	34N	um and then
1	196600.0	34N	
2	230200.0	34N	um it should
1	240900.0	34N	i think they will need
2	281400.0	34N	so put the little connector
1	283300.0	34N	connector piece on like that bottom nub of
0	292300.0	34N	
1	302100.0	34N	
0	330400.0	34N	connected is a two by four green
1	346900.0	34N	do by for
0	353100.0	34N	connecting like one of those connecting bits
1	380000.0	34N	yeah
2	421500.0	34N	yeah
1	427300.0	34N	two wheel job
3	431200.0	34N	i
1	435400.0	34N	one at the back now you're good
0	442800.0	34N	yes if you can connect
1	452000.0	34N	connecting bits
1	179920.0	35C	
0	219419.99999999997	35C	
1	267620.0	35C	
0	297320.0	35C	another long yellow block
1	314520.0	35C	and then
0	358320.0	35C	and then to the side of that
1	418920.0	35C	put it on the long green block
2	457220.0	35C	on the red
0	471620.0	35C	
1	227240.0	36N	square
2	277540.0	36N	red you have to take yellow
1	282540.0	36N	place it
2	298840.0	36N	that's green that's green that's
3	320540.0	36N	no that's green
2	325740.0	36N	yeah perfect
3	335240.0	36N	wheel
2	340640.0	36N	that not that one of the pieces
3	358540.0	36N	take it off again and align
2	398340.0	36N	yeah perfect
0	398940.0	36N	perfect
1	410439.99999999994	36N	
2	435939.99999999994	36N	besides besides
1	331330.0	37C	from
0	332130.0	37C	from what i see
1	31289.999999999996	38N	yeah but place them side by side
1	39290.0	38N	
0	51490.0	38N	turn it ninety degrees
1	267490.0	38N	place that
0	270990.0	38N	wheel then put the yes
1	280190.0	38N	in position
0	282290.0	38N	yeah do the same with all of them
1	365290.0	38N	the ground the wheels should be on the table
0	394490.0	38N	
1	437189.99999999994	38N	half only half
0	455189.99999999994	38N	perfect now take a small blue one
1	471189.99999999994	38N	the last yellow
0	474589.99999999994	38N	
1	1870.0000000000002	39C	okay take one of the
0	4870.0	39C	ones
1	40370.0	39C	do these
0	89670.0	39C	
1	121770.0	39C	
0	143870.0	39C	
1	155070.0	39C	oh sorry
2	214369.99999999997	39C	into the middle of the bottom
3	228469.99999999997	39C	circle part of that into
1	239869.99999999997	39C	a longer green one
2	255169.99999999997	39C	there three sizes and green ones or just
3	259069.99999999997	39C	
1	262170.0	39C	longer green one
2	317070.0	39C	yeah
3	324970.0	39C	
2	338070.0	39C	
1	349170.0	39C	okay
0	382970.0	39C	
1	397570.0	39C	
3	403370.0	39C	
1	407970.0	39C	them on the wheels
2	436870.0	39C	
3	446470.0	39C	
1	213550.0	40N	this is just not gonna work but i
0	292750.0	40N	
1	329150.0	40N	
0	364750.0	40N	attached in the same way
1	421650.0	40N	really okay
2	481150.0	40N	
