Rating	Timestamp	Group	Utterance
1	132680.0	18N	no like the middle four
2	137580.0	18N	no no uh on the green block
1	142180.0	18N	so the made is for
0	144080.0	18N	i think so can you
1	274080.0	18N	way like the wheel should be closer to each other
0	297280.0	18N	that looks good uh also the connector
2	305180.0	18N	uh yeah this will be like
3	315680.0	18N	connectors beside the yellow block
2	324580.0	18N	a thing that looks like a leaver with a
0	333080.0	18N	the thing which you connect like it should go
1	370580.0	18N	connect and then after that you might need to add the wheels
2	396980.0	18N	no the ac where the axel was
1	399380.0	18N	axel was so the circular like connection
0	411380.0	18N	
1	59820.00000000001	19C	was correct yeah okay okay now now i need
0	60520.00000000001	19C	okay okay now now i need a red one
2	103120.0	19C	it on top in center yeah
0	107620.0	19C	that yeah so i
1	117020.0	19C	keep in the original position no no that's great keep in the original position
0	117620.0	19C	position no no that's great keep in the original position
1	214119.99999999997	19C	now take a yellow lego no no no uh
0	215419.99999999997	19C	no no no uh just take
1	260219.99999999997	19C	wheel it's like something like that
2	265220.0	19C	you should see the document
1	273720.0	19C	the female connector in the wheel that's is
0	289220.0	19C	instead now connect those
1	315820.0	19C	i'm just just a minute
0	325520.0	19C	my bad my bad okay okay i just keep the keep
2	333820.0	19C	no no where the connecter is connected
1	337420.0	19C	now try to keep that yellow color on
0	337820.0	19C	try to keep that yellow color on the wheel
2	343520.0	19C	you can be to fit in what they didn't want it
2	348020.0	19C	no the ah yeah i exactly try to this is
0	349720.0	19C	i exactly try to this is the hard part
2	353320.0	19C	
0	355520.0	19C	super okay now
1	428020.0	19C	it's pointing at other direction of connectors
2	432020.0	19C	connectors unconnected part should be coming out of the green color in another
3	435720.0	19C	you are making
0	465520.0	19C	
1	448260.00000000006	20N	
1	184620.0	21C	
0	192620.0	21C	try the one with the pointy thing
1	403620.0	21C	when they
0	406220.0	21C	when they hook up
1	25350.0	22N	yeah anything is okay
0	30150.0	22N	then take blue one
1	98450.0	22N	large yellow
0	105150.0	22N	blue and keep
1	110550.0	22N	horizontally
2	111950.0	22N	okay can you
0	120350.0	22N	correct and take
1	152550.0	22N	red horizontally no no after the red on small blue one no
2	154150.0	22N	red on small blue one no
3	159650.0	22N	
0	168950.0	22N	then take small red
1	172850.0	22N	red red small red one
0	184050.0	22N	below that
1	184750.0	22N	at
2	185450.0	22N	at the end at the end
0	199750.0	22N	and take small green one keep it
1	204550.0	22N	at the end of the blue
0	249150.0	22N	first two of red
2	255050.0	22N	vertically vertically keep
3	257850.0	22N	it vertically not horizontally
0	267850.0	22N	take a
1	285850.0	22N	front side no this one the same green one
2	307750.0	22N	yeah correct
1	309550.0	22N	and take again large yellow one
1	420100.0	23C	uhm no
0	426400.0	23C	
1	451300.0	23C	uh shifted one
1	38950.0	24N	no no put it side by side to the green
0	42650.0	24N	yep okay now
1	71350.0	24N	but the other orientation yeah
0	73950.0	24N	couldn't put it at the edge
1	75650.0	24N	couldn't put it at the edge not in the middle
0	82650.0	24N	thing
1	213250.0	24N	uh not in the middle um at the
0	243750.0	24N	top of that it's gonna be separate no no
1	245850.0	24N	no no it's not gonna be on top it's gonna be separate
2	249950.0	24N	somewhere else right now but no no no no no it's separate from the entire
1	254950.0	24N	yeah get a um
2	279850.0	24N	no
1	304950.0	24N	you'll alright hang on
2	332150.0	24N	okay now take the
1	347850.0	24N	no no no no no no no
2	349350.0	24N	no no no no no take it off that put it under the
3	355950.0	24N	no no no no the other rectangle yep go back to that one
2	358350.0	24N	go back to that one yep put that under and put it under it
1	363150.0	24N	move it over one call 'em over you know
2	363850.0	24N	over one call 'em over you know
1	413050.0	24N	no no no no on the other structure we
2	413950.0	24N	no no no no on the other structure we made
1	153670.0	25C	no place it down but like rotated
0	165570.0	25C	this way yeah okay
1	328670.0	25C	these two yes and there's
0	335470.0	25C	we have three wheels that's right
1	427670.0	25C	spoke part is placed on this
0	429770.0	25C	this
1	36779.99999999999	26N	okay and then to
0	74880.0	26N	of the green and yellow
1	195780.0	26N	with like one block gap um no
2	210080.00000000003	26N	okay so you want the four
1	235480.00000000003	26N	there being a gap and then it connecting to the green
0	252580.00000000003	26N	yep and then you want to stack
1	285780.0	26N	between other side so you want to connect
2	293780.0	26N	it to the red with the gap in between them
3	318980.0	26N	
2	326980.0	26N	the right little bit there you go just like that just like that
1	328580.0	26N	that just like that all right you
2	375180.0	26N	like no like next to it
1	388880.0	26N	on the same height there you go all right and then take a
2	409980.0	26N	and you want it between the four by two red
3	431780.0	26N	there you go that well
1	436080.0	26N	like the whole thing now like
2	450880.0	26N	no you want it between them
1	460380.0	26N	okay yeah
0	461180.0	26N	yeah
1	465180.0	26N	
1	29830.0	27C	yeah
0	33130.0	27C	
1	80030.0	27C	again
2	84430.0	27C	oh again
0	91630.0	27C	the yellow one
1	106830.0	27C	
0	112730.0	27C	uh hold
1	201930.0	27C	
0	203330.0	27C	
1	286430.0	27C	
0	287830.0	27C	the
1	375930.0	27C	but just like yeah
0	390330.0	27C	okay turn your
1	458030.0	27C	it yes
0	460030.0	27C	
1	475730.0	27C	like how
1	261940.0	28N	your tires are rolling away from you
0	269440.0	28N	one put
1	271640.0	28N	one put the tires on it
2	286840.0	28N	should be no
1	292140.0	28N	that yeah and
0	295740.0	28N	tires on the back of the green piece as well
1	330940.0	28N	first layer
0	370440.0	28N	tires on that
1	372940.0	28N	the
2	388140.0	28N	i'm positive
1	395640.0	28N	
0	411339.99999999994	28N	yeah now we're gonna assemble
1	419339.99999999994	28N	basically just going to connect them on no no no the yellow and then the green
2	424039.99999999994	28N	the yellow then the green then
3	431539.99999999994	28N	all
2	432639.99999999994	28N	all
1	437039.99999999994	28N	
0	438739.99999999994	28N	okay now we're gonna take
1	443839.99999999994	28N	well
0	469239.99999999994	28N	
1	168600.0	29C	green side not red red to my two red two i do
0	169100.0	29C	side not red red to my two red two i do
1	257800.0	29C	uhm
0	258100.0	29C	uhm
1	77050.0	30N	uh
0	88850.0	30N	
1	33150.0	31C	yeah both you are right
3	39950.0	31C	this too yeah can you show me
2	42250.0	31C	you show me no no not in right away
3	44350.0	31C	in right away remove that one
3	87450.0	31C	no not that way
0	112450.0	31C	
3	182650.0	31C	do we have a hook
2	203650.0	31C	block they are look lock downwords yeah
0	204950.0	31C	look lock downwords yeah
3	227350.0	31C	one shouldn't be with
1	232950.0	31C	
2	238650.0	31C	two wheels the green one needs two wheels
3	240550.0	31C	needs two wheels
1	244450.0	31C	yeah perfect
2	250450.0	31C	yellow should be on this side the other side yeah perfect
0	252950.0	31C	perfect similarly do the same again a yellow
1	269450.0	31C	small yeah
2	286250.0	31C	behind the green it should be yeah yeah yeah
0	292150.0	31C	
1	310150.0	31C	
0	331050.0	31C	huge
1	343250.0	31C	no no no the front side
3	345650.0	31C	the that one that yellow
0	368450.0	31C	attach a red to the yellow small red
2	392650.0	31C	use both direct yeah perfect
0	394050.0	31C	yeah perfect now take
3	415350.0	31C	no no no remert turn it around yeah
0	440350.0	31C	exactly in between the yeah perfect now take a smaller green
1	449550.0	31C	side yeah okay
3	451550.0	31C	now take a big yellow
0	458050.0	31C	now attached to the side of the green under
3	460650.0	31C	green under
0	462150.0	31C	
1	240200.0	32N	adapter um
2	337300.0	32N	
0	417600.0	32N	and
1	73870.0	33C	green
0	75170.0	33C	green
1	139770.0	33C	
0	148970.0	33C	hooks there's like one with a
1	154370.0	33C	grab the one with the peg
0	226769.99999999997	33C	and then you could
1	270470.0	33C	circle uh
0	352770.0	33C	then turn it into like a little car
1	370970.0	33C	it might fall out right now that's okay
0	376970.0	33C	like that and then you're gonna do another
1	381270.0	33C	other end
0	460370.0	33C	
1	54400.0	34N	no for by so sorry two by four
0	64100.0	34N	other kind of like perpendicular if that makes
1	71700.0	34N	went from um red in front
0	82900.0	34N	um and then laid
1	196600.0	34N	
2	230200.0	34N	um it should just be late
1	240900.0	34N	um i think they will need to be connected
2	281400.0	34N	so put the little connector piece on like that
1	283300.0	34N	little connector piece on like that bottom nub of the
0	292300.0	34N	
1	302100.0	34N	
0	330400.0	34N	be connected is a two by four green piece
1	346900.0	34N	do by for green
0	353100.0	34N	a connecting like one of those connecting bits
1	380000.0	34N	yeah
2	421500.0	34N	yeah
1	427300.0	34N	it's only a two wheel job
3	431200.0	34N	i meant two
1	435400.0	34N	one at the back now you're good
0	442800.0	34N	yes if you can connect
1	452000.0	34N	through the connecting bits though should
1	179920.0	35C	
0	219419.99999999997	35C	
1	267620.0	35C	
0	297320.0	35C	another long yellow block
1	314520.0	35C	and then
0	358320.0	35C	alright and then to the side of that there's a
1	418920.0	35C	put it on the long green block
2	457220.0	35C	end is on the red
0	471620.0	35C	done
1	227240.0	36N	square yellow
2	277540.0	36N	that's red you have to take yellow
1	282540.0	36N	perfect place it on another
2	298840.0	36N	that's green that's green that's
3	320540.0	36N	no that's green
2	325740.0	36N	yeah perfect now place
3	335240.0	36N	that's a wheel
2	340640.0	36N	not that not that not that one of the pieces that you have
3	358540.0	36N	take it off again and align it perfectly
2	398340.0	36N	yep yeah perfect
0	398940.0	36N	yeah perfect now now
1	410439.99999999994	36N	
2	435939.99999999994	36N	besides besides
1	331330.0	37C	from what i
0	332130.0	37C	from what i see
1	31289.999999999996	38N	yeah but place them side by side lengthwise
1	39290.0	38N	now
0	51490.0	38N	turn it ninety degrees
1	267490.0	38N	place that where the wheels
0	270990.0	38N	then place the wheel then put the yes then put the
1	280190.0	38N	it should stay in position yeah
0	282290.0	38N	yeah do the same with all of them
1	365290.0	38N	the ground the wheels should be on the table
0	394490.0	38N	
1	437189.99999999994	38N	yes half only half on the
0	455189.99999999994	38N	perfect now take a small blue one fill in
1	471189.99999999994	38N	place it on the last yellow
0	474589.99999999994	38N	
1	1870.0000000000002	39C	okay take one of the long
0	4870.0	39C	green ones
1	40370.0	39C	do these okay
0	89670.0	39C	
1	121770.0	39C	
0	143870.0	39C	
1	155070.0	39C	the oh sorry
2	214369.99999999997	39C	part into the middle of the bottom
3	228469.99999999997	39C	circle part of that into
1	239869.99999999997	39C	with a longer green one
2	255169.99999999997	39C	is there are there three sizes and green ones or just too
3	259069.99999999997	39C	okay
1	262170.0	39C	then the longer green one
2	317070.0	39C	yeah yeah we only
3	324970.0	39C	
2	338070.0	39C	
1	349170.0	39C	okay wait never
0	382970.0	39C	
1	397570.0	39C	
3	403370.0	39C	
1	407970.0	39C	that now put them on the wheels
2	436870.0	39C	
3	446470.0	39C	
1	213550.0	40N	this is just not gonna work but i
0	292750.0	40N	
1	329150.0	40N	
0	364750.0	40N	attached in the same way
1	421650.0	40N	really okay
2	481150.0	40N	
